Iso3,StartDate,EndDate,Area Code,Area Code (M49),Area,Item Code,Item,Element Code,Element,Year Code,Year,Unit,Value,Flag,Note
#country+code,#date+start,#date+end,,,#country+name,#indicator+code,#indicator+name,,,,#date+year,#indicator+type,#indicator+value+num,,
DEU,2000-01-01,2000-12-31,79,'276,Germany,21016,Rail lines density (total route in km per 100 square km of land area),6124,Value,2000,2000,km,10.3,X,
DEU,2001-01-01,2001-12-31,79,'276,Germany,21016,Rail lines density (total route in km per 100 square km of land area),6124,Value,2001,2001,km,10.1,X,
DEU,2002-01-01,2002-12-31,79,'276,Germany,21016,Rail lines density (total route in km per 100 square km of land area),6124,Value,2002,2002,km,10,X,
DEU,2003-01-01,2003-12-31,79,'276,Germany,21016,Rail lines density (total route in km per 100 square km of land area),6124,Value,2003,2003,km,10.1,X,
DEU,2004-01-01,2004-12-31,79,'276,Germany,21016,Rail lines density (total route in km per 100 square km of land area),6124,Value,2004,2004,km,9.7,X,
DEU,2005-01-01,2005-12-31,79,'276,Germany,21016,Rail lines density (total route in km per 100 square km of land area),6124,Value,2005,2005,km,9.6,X,
DEU,2006-01-01,2006-12-31,79,'276,Germany,21016,Rail lines density (total route in km per 100 square km of land area),6124,Value,2006,2006,km,9.6,X,
DEU,2007-01-01,2007-12-31,79,'276,Germany,21016,Rail lines density (total route in km per 100 square km of land area),6124,Value,2007,2007,km,9.5,X,
DEU,2008-01-01,2008-12-31,79,'276,Germany,21016,Rail lines density (total route in km per 100 square km of land area),6124,Value,2008,2008,km,9.5,X,
DEU,2009-01-01,2009-12-31,79,'276,Germany,21016,Rail lines density (total route in km per 100 square km of land area),6124,Value,2009,2009,km,9.4,X,
DEU,2010-01-01,2010-12-31,79,'276,Germany,21016,Rail lines density (total route in km per 100 square km of land area),6124,Value,2010,2010,km,9.4,X,
DEU,2011-01-01,2011-12-31,79,'276,Germany,21016,Rail lines density (total route in km per 100 square km of land area),6124,Value,2011,2011,km,9.4,X,
DEU,2012-01-01,2012-12-31,79,'276,Germany,21016,Rail lines density (total route in km per 100 square km of land area),6124,Value,2012,2012,km,9.4,X,
DEU,2013-01-01,2013-12-31,79,'276,Germany,21016,Rail lines density (total route in km per 100 square km of land area),6124,Value,2013,2013,km,9.4,X,
DEU,2014-01-01,2014-12-31,79,'276,Germany,21016,Rail lines density (total route in km per 100 square km of land area),6124,Value,2014,2014,km,9.4,X,
DEU,2015-01-01,2015-12-31,79,'276,Germany,21016,Rail lines density (total route in km per 100 square km of land area),6124,Value,2015,2015,km,9.3,X,
DEU,2016-01-01,2016-12-31,79,'276,Germany,21016,Rail lines density (total route in km per 100 square km of land area),6124,Value,2016,2016,km,9.3,X,
DEU,2017-01-01,2017-12-31,79,'276,Germany,21016,Rail lines density (total route in km per 100 square km of land area),6124,Value,2017,2017,km,9.4,X,
DEU,2018-01-01,2018-12-31,79,'276,Germany,21016,Rail lines density (total route in km per 100 square km of land area),6124,Value,2018,2018,km,9.4,X,
DEU,2019-01-01,2019-12-31,79,'276,Germany,21016,Rail lines density (total route in km per 100 square km of land area),6124,Value,2019,2019,km,9.3,X,
DEU,2020-01-01,2020-12-31,79,'276,Germany,21016,Rail lines density (total route in km per 100 square km of land area),6124,Value,2020,2020,km,9.3,X,
DEU,2000-01-01,2000-12-31,79,'276,Germany,22013,"Gross domestic product per capita, PPP, (constant 2017 international $)",6126,Value,2000,2000,I$,42928.2,X,
DEU,2001-01-01,2001-12-31,79,'276,Germany,22013,"Gross domestic product per capita, PPP, (constant 2017 international $)",6126,Value,2001,2001,I$,43576.6,X,
DEU,2002-01-01,2002-12-31,79,'276,Germany,22013,"Gross domestic product per capita, PPP, (constant 2017 international $)",6126,Value,2002,2002,I$,43417.3,X,
DEU,2003-01-01,2003-12-31,79,'276,Germany,22013,"Gross domestic product per capita, PPP, (constant 2017 international $)",6126,Value,2003,2003,I$,43089.5,X,
DEU,2004-01-01,2004-12-31,79,'276,Germany,22013,"Gross domestic product per capita, PPP, (constant 2017 international $)",6126,Value,2004,2004,I$,43605.3,X,
DEU,2005-01-01,2005-12-31,79,'276,Germany,22013,"Gross domestic product per capita, PPP, (constant 2017 international $)",6126,Value,2005,2005,I$,43949.3,X,
DEU,2006-01-01,2006-12-31,79,'276,Germany,22013,"Gross domestic product per capita, PPP, (constant 2017 international $)",6126,Value,2006,2006,I$,45678.1,X,
DEU,2007-01-01,2007-12-31,79,'276,Germany,22013,"Gross domestic product per capita, PPP, (constant 2017 international $)",6126,Value,2007,2007,I$,47100.6,X,
DEU,2008-01-01,2008-12-31,79,'276,Germany,22013,"Gross domestic product per capita, PPP, (constant 2017 international $)",6126,Value,2008,2008,I$,47643.2,X,
DEU,2009-01-01,2009-12-31,79,'276,Germany,22013,"Gross domestic product per capita, PPP, (constant 2017 international $)",6126,Value,2009,2009,I$,45044.5,X,
DEU,2010-01-01,2010-12-31,79,'276,Germany,22013,"Gross domestic product per capita, PPP, (constant 2017 international $)",6126,Value,2010,2010,I$,46999.2,X,
DEU,2011-01-01,2011-12-31,79,'276,Germany,22013,"Gross domestic product per capita, PPP, (constant 2017 international $)",6126,Value,2011,2011,I$,49757.9,X,
DEU,2012-01-01,2012-12-31,79,'276,Germany,22013,"Gross domestic product per capita, PPP, (constant 2017 international $)",6126,Value,2012,2012,I$,49872.4,X,
DEU,2013-01-01,2013-12-31,79,'276,Germany,22013,"Gross domestic product per capita, PPP, (constant 2017 international $)",6126,Value,2013,2013,I$,49954.2,X,
DEU,2014-01-01,2014-12-31,79,'276,Germany,22013,"Gross domestic product per capita, PPP, (constant 2017 international $)",6126,Value,2014,2014,I$,50845.5,X,
DEU,2015-01-01,2015-12-31,79,'276,Germany,22013,"Gross domestic product per capita, PPP, (constant 2017 international $)",6126,Value,2015,2015,I$,51159.3,X,
DEU,2016-01-01,2016-12-31,79,'276,Germany,22013,"Gross domestic product per capita, PPP, (constant 2017 international $)",6126,Value,2016,2016,I$,51879.7,X,
DEU,2017-01-01,2017-12-31,79,'276,Germany,22013,"Gross domestic product per capita, PPP, (constant 2017 international $)",6126,Value,2017,2017,I$,53071.5,X,
DEU,2018-01-01,2018-12-31,79,'276,Germany,22013,"Gross domestic product per capita, PPP, (constant 2017 international $)",6126,Value,2018,2018,I$,53431.4,X,
DEU,2019-01-01,2019-12-31,79,'276,Germany,22013,"Gross domestic product per capita, PPP, (constant 2017 international $)",6126,Value,2019,2019,I$,53874.3,X,
DEU,2020-01-01,2020-12-31,79,'276,Germany,22013,"Gross domestic product per capita, PPP, (constant 2017 international $)",6126,Value,2020,2020,I$,51840.3,X,
DEU,2021-01-01,2021-12-31,79,'276,Germany,22013,"Gross domestic product per capita, PPP, (constant 2017 international $)",6126,Value,2021,2021,I$,53179.7,X,
DEU,2000-01-01,2000-12-31,79,'276,Germany,21032,Political stability and absence of violence/terrorism (index),6125,Value,2000,2000,,1.41,X,
DEU,2002-01-01,2002-12-31,79,'276,Germany,21032,Political stability and absence of violence/terrorism (index),6125,Value,2002,2002,,1.1,X,
DEU,2003-01-01,2003-12-31,79,'276,Germany,21032,Political stability and absence of violence/terrorism (index),6125,Value,2003,2003,,0.58,X,
DEU,2004-01-01,2004-12-31,79,'276,Germany,21032,Political stability and absence of violence/terrorism (index),6125,Value,2004,2004,,0.64,X,
DEU,2005-01-01,2005-12-31,79,'276,Germany,21032,Political stability and absence of violence/terrorism (index),6125,Value,2005,2005,,0.89,X,
DEU,2006-01-01,2006-12-31,79,'276,Germany,21032,Political stability and absence of violence/terrorism (index),6125,Value,2006,2006,,1.03,X,
DEU,2007-01-01,2007-12-31,79,'276,Germany,21032,Political stability and absence of violence/terrorism (index),6125,Value,2007,2007,,1,X,
DEU,2008-01-01,2008-12-31,79,'276,Germany,21032,Political stability and absence of violence/terrorism (index),6125,Value,2008,2008,,0.94,X,
DEU,2009-01-01,2009-12-31,79,'276,Germany,21032,Political stability and absence of violence/terrorism (index),6125,Value,2009,2009,,0.86,X,
DEU,2010-01-01,2010-12-31,79,'276,Germany,21032,Political stability and absence of violence/terrorism (index),6125,Value,2010,2010,,0.8,X,
DEU,2011-01-01,2011-12-31,79,'276,Germany,21032,Political stability and absence of violence/terrorism (index),6125,Value,2011,2011,,0.84,X,
DEU,2012-01-01,2012-12-31,79,'276,Germany,21032,Political stability and absence of violence/terrorism (index),6125,Value,2012,2012,,0.78,X,
DEU,2013-01-01,2013-12-31,79,'276,Germany,21032,Political stability and absence of violence/terrorism (index),6125,Value,2013,2013,,0.93,X,
DEU,2014-01-01,2014-12-31,79,'276,Germany,21032,Political stability and absence of violence/terrorism (index),6125,Value,2014,2014,,0.93,X,
DEU,2015-01-01,2015-12-31,79,'276,Germany,21032,Political stability and absence of violence/terrorism (index),6125,Value,2015,2015,,0.7,X,
DEU,2016-01-01,2016-12-31,79,'276,Germany,21032,Political stability and absence of violence/terrorism (index),6125,Value,2016,2016,,0.68,X,
DEU,2017-01-01,2017-12-31,79,'276,Germany,21032,Political stability and absence of violence/terrorism (index),6125,Value,2017,2017,,0.59,X,
DEU,2018-01-01,2018-12-31,79,'276,Germany,21032,Political stability and absence of violence/terrorism (index),6125,Value,2018,2018,,0.59,X,
DEU,2019-01-01,2019-12-31,79,'276,Germany,21032,Political stability and absence of violence/terrorism (index),6125,Value,2019,2019,,0.57,X,
DEU,2020-01-01,2020-12-31,79,'276,Germany,21032,Political stability and absence of violence/terrorism (index),6125,Value,2020,2020,,0.68,X,
DEU,2021-01-01,2021-12-31,79,'276,Germany,21032,Political stability and absence of violence/terrorism (index),6125,Value,2021,2021,,0.76,X,
DEU,2001-01-01,2001-12-31,79,'276,Germany,21030,Per capita food production variability (constant 2014-2016 thousand int$ per capita),6127,Value,2001,2001,1000 I$,14.3,E,
DEU,2002-01-01,2002-12-31,79,'276,Germany,21030,Per capita food production variability (constant 2014-2016 thousand int$ per capita),6127,Value,2002,2002,1000 I$,13.2,E,
DEU,2003-01-01,2003-12-31,79,'276,Germany,21030,Per capita food production variability (constant 2014-2016 thousand int$ per capita),6127,Value,2003,2003,1000 I$,13.7,E,
DEU,2004-01-01,2004-12-31,79,'276,Germany,21030,Per capita food production variability (constant 2014-2016 thousand int$ per capita),6127,Value,2004,2004,1000 I$,25.5,E,
DEU,2005-01-01,2005-12-31,79,'276,Germany,21030,Per capita food production variability (constant 2014-2016 thousand int$ per capita),6127,Value,2005,2005,1000 I$,26.4,E,
DEU,2006-01-01,2006-12-31,79,'276,Germany,21030,Per capita food production variability (constant 2014-2016 thousand int$ per capita),6127,Value,2006,2006,1000 I$,24.5,E,
DEU,2007-01-01,2007-12-31,79,'276,Germany,21030,Per capita food production variability (constant 2014-2016 thousand int$ per capita),6127,Value,2007,2007,1000 I$,21.9,E,
DEU,2008-01-01,2008-12-31,79,'276,Germany,21030,Per capita food production variability (constant 2014-2016 thousand int$ per capita),6127,Value,2008,2008,1000 I$,22,E,
DEU,2009-01-01,2009-12-31,79,'276,Germany,21030,Per capita food production variability (constant 2014-2016 thousand int$ per capita),6127,Value,2009,2009,1000 I$,18.4,E,
DEU,2010-01-01,2010-12-31,79,'276,Germany,21030,Per capita food production variability (constant 2014-2016 thousand int$ per capita),6127,Value,2010,2010,1000 I$,17.3,E,
DEU,2011-01-01,2011-12-31,79,'276,Germany,21030,Per capita food production variability (constant 2014-2016 thousand int$ per capita),6127,Value,2011,2011,1000 I$,17.5,E,
DEU,2012-01-01,2012-12-31,79,'276,Germany,21030,Per capita food production variability (constant 2014-2016 thousand int$ per capita),6127,Value,2012,2012,1000 I$,14.6,E,
DEU,2013-01-01,2013-12-31,79,'276,Germany,21030,Per capita food production variability (constant 2014-2016 thousand int$ per capita),6127,Value,2013,2013,1000 I$,12.4,E,
DEU,2014-01-01,2014-12-31,79,'276,Germany,21030,Per capita food production variability (constant 2014-2016 thousand int$ per capita),6127,Value,2014,2014,1000 I$,11.4,E,
DEU,2015-01-01,2015-12-31,79,'276,Germany,21030,Per capita food production variability (constant 2014-2016 thousand int$ per capita),6127,Value,2015,2015,1000 I$,19.2,E,
DEU,2016-01-01,2016-12-31,79,'276,Germany,21030,Per capita food production variability (constant 2014-2016 thousand int$ per capita),6127,Value,2016,2016,1000 I$,18.1,E,
DEU,2017-01-01,2017-12-31,79,'276,Germany,21030,Per capita food production variability (constant 2014-2016 thousand int$ per capita),6127,Value,2017,2017,1000 I$,16.5,E,
DEU,2018-01-01,2018-12-31,79,'276,Germany,21030,Per capita food production variability (constant 2014-2016 thousand int$ per capita),6127,Value,2018,2018,1000 I$,15.3,E,
DEU,2019-01-01,2019-12-31,79,'276,Germany,21030,Per capita food production variability (constant 2014-2016 thousand int$ per capita),6127,Value,2019,2019,1000 I$,24.1,E,
DEU,2020-01-01,2020-12-31,79,'276,Germany,21030,Per capita food production variability (constant 2014-2016 thousand int$ per capita),6127,Value,2020,2020,1000 I$,16.2,E,
DEU,2000-01-01,2000-12-31,79,'276,Germany,21031,Per capita food supply variability (kcal/cap/day),6128,Value,2000,2000,kcal/cap/d,72,E,
DEU,2001-01-01,2001-12-31,79,'276,Germany,21031,Per capita food supply variability (kcal/cap/day),6128,Value,2001,2001,kcal/cap/d,60,E,
DEU,2002-01-01,2002-12-31,79,'276,Germany,21031,Per capita food supply variability (kcal/cap/day),6128,Value,2002,2002,kcal/cap/d,33,E,
DEU,2003-01-01,2003-12-31,79,'276,Germany,21031,Per capita food supply variability (kcal/cap/day),6128,Value,2003,2003,kcal/cap/d,29,E,
DEU,2004-01-01,2004-12-31,79,'276,Germany,21031,Per capita food supply variability (kcal/cap/day),6128,Value,2004,2004,kcal/cap/d,29,E,
DEU,2005-01-01,2005-12-31,79,'276,Germany,21031,Per capita food supply variability (kcal/cap/day),6128,Value,2005,2005,kcal/cap/d,22,E,
DEU,2006-01-01,2006-12-31,79,'276,Germany,21031,Per capita food supply variability (kcal/cap/day),6128,Value,2006,2006,kcal/cap/d,23,E,
DEU,2007-01-01,2007-12-31,79,'276,Germany,21031,Per capita food supply variability (kcal/cap/day),6128,Value,2007,2007,kcal/cap/d,23,E,
DEU,2008-01-01,2008-12-31,79,'276,Germany,21031,Per capita food supply variability (kcal/cap/day),6128,Value,2008,2008,kcal/cap/d,39,E,
DEU,2009-01-01,2009-12-31,79,'276,Germany,21031,Per capita food supply variability (kcal/cap/day),6128,Value,2009,2009,kcal/cap/d,37,E,
DEU,2010-01-01,2010-12-31,79,'276,Germany,21031,Per capita food supply variability (kcal/cap/day),6128,Value,2010,2010,kcal/cap/d,26,E,
DEU,2011-01-01,2011-12-31,79,'276,Germany,21031,Per capita food supply variability (kcal/cap/day),6128,Value,2011,2011,kcal/cap/d,23,E,
DEU,2012-01-01,2012-12-31,79,'276,Germany,21031,Per capita food supply variability (kcal/cap/day),6128,Value,2012,2012,kcal/cap/d,18,E,
DEU,2013-01-01,2013-12-31,79,'276,Germany,21031,Per capita food supply variability (kcal/cap/day),6128,Value,2013,2013,kcal/cap/d,25,E,
DEU,2014-01-01,2014-12-31,79,'276,Germany,21031,Per capita food supply variability (kcal/cap/day),6128,Value,2014,2014,kcal/cap/d,32,E,
DEU,2015-01-01,2015-12-31,79,'276,Germany,21031,Per capita food supply variability (kcal/cap/day),6128,Value,2015,2015,kcal/cap/d,34,E,
DEU,2016-01-01,2016-12-31,79,'276,Germany,21031,Per capita food supply variability (kcal/cap/day),6128,Value,2016,2016,kcal/cap/d,32,E,
DEU,2017-01-01,2017-12-31,79,'276,Germany,21031,Per capita food supply variability (kcal/cap/day),6128,Value,2017,2017,kcal/cap/d,13,E,
DEU,2018-01-01,2018-12-31,79,'276,Germany,21031,Per capita food supply variability (kcal/cap/day),6128,Value,2018,2018,kcal/cap/d,12,E,
DEU,2019-01-01,2019-12-31,79,'276,Germany,21031,Per capita food supply variability (kcal/cap/day),6128,Value,2019,2019,kcal/cap/d,13,E,
DEU,2020-01-01,2020-12-31,79,'276,Germany,21031,Per capita food supply variability (kcal/cap/day),6128,Value,2020,2020,kcal/cap/d,15,E,
DEU,2021-01-01,2021-12-31,79,'276,Germany,21031,Per capita food supply variability (kcal/cap/day),6128,Value,2021,2021,kcal/cap/d,25,E,
DEU,2000-01-01,2000-12-31,79,'276,Germany,21045,Percentage of population using safely managed drinking water services (Percent),6121,Value,2000,2000,%,99,X,
DEU,2001-01-01,2001-12-31,79,'276,Germany,21045,Percentage of population using safely managed drinking water services (Percent),6121,Value,2001,2001,%,99,X,
DEU,2002-01-01,2002-12-31,79,'276,Germany,21045,Percentage of population using safely managed drinking water services (Percent),6121,Value,2002,2002,%,99,X,
DEU,2003-01-01,2003-12-31,79,'276,Germany,21045,Percentage of population using safely managed drinking water services (Percent),6121,Value,2003,2003,%,99,X,
DEU,2004-01-01,2004-12-31,79,'276,Germany,21045,Percentage of population using safely managed drinking water services (Percent),6121,Value,2004,2004,%,99,X,
DEU,2005-01-01,2005-12-31,79,'276,Germany,21045,Percentage of population using safely managed drinking water services (Percent),6121,Value,2005,2005,%,99,X,
DEU,2006-01-01,2006-12-31,79,'276,Germany,21045,Percentage of population using safely managed drinking water services (Percent),6121,Value,2006,2006,%,99,X,
DEU,2007-01-01,2007-12-31,79,'276,Germany,21045,Percentage of population using safely managed drinking water services (Percent),6121,Value,2007,2007,%,99,X,
DEU,2008-01-01,2008-12-31,79,'276,Germany,21045,Percentage of population using safely managed drinking water services (Percent),6121,Value,2008,2008,%,99,X,
DEU,2009-01-01,2009-12-31,79,'276,Germany,21045,Percentage of population using safely managed drinking water services (Percent),6121,Value,2009,2009,%,99,X,
DEU,2010-01-01,2010-12-31,79,'276,Germany,21045,Percentage of population using safely managed drinking water services (Percent),6121,Value,2010,2010,%,99,X,
DEU,2011-01-01,2011-12-31,79,'276,Germany,21045,Percentage of population using safely managed drinking water services (Percent),6121,Value,2011,2011,%,99,X,
DEU,2012-01-01,2012-12-31,79,'276,Germany,21045,Percentage of population using safely managed drinking water services (Percent),6121,Value,2012,2012,%,99,X,
DEU,2013-01-01,2013-12-31,79,'276,Germany,21045,Percentage of population using safely managed drinking water services (Percent),6121,Value,2013,2013,%,99,X,
DEU,2014-01-01,2014-12-31,79,'276,Germany,21045,Percentage of population using safely managed drinking water services (Percent),6121,Value,2014,2014,%,99,X,
DEU,2015-01-01,2015-12-31,79,'276,Germany,21045,Percentage of population using safely managed drinking water services (Percent),6121,Value,2015,2015,%,99,X,
DEU,2016-01-01,2016-12-31,79,'276,Germany,21045,Percentage of population using safely managed drinking water services (Percent),6121,Value,2016,2016,%,99,X,
DEU,2017-01-01,2017-12-31,79,'276,Germany,21045,Percentage of population using safely managed drinking water services (Percent),6121,Value,2017,2017,%,99,X,
DEU,2018-01-01,2018-12-31,79,'276,Germany,21045,Percentage of population using safely managed drinking water services (Percent),6121,Value,2018,2018,%,99,X,
DEU,2019-01-01,2019-12-31,79,'276,Germany,21045,Percentage of population using safely managed drinking water services (Percent),6121,Value,2019,2019,%,99,X,
DEU,2020-01-01,2020-12-31,79,'276,Germany,21045,Percentage of population using safely managed drinking water services (Percent),6121,Value,2020,2020,%,99,X,
DEU,2000-01-01,2000-12-31,79,'276,Germany,21047,Percentage of population using at least basic drinking water services (percent),6121,Value,2000,2000,%,99,X,
DEU,2001-01-01,2001-12-31,79,'276,Germany,21047,Percentage of population using at least basic drinking water services (percent),6121,Value,2001,2001,%,99,X,
DEU,2002-01-01,2002-12-31,79,'276,Germany,21047,Percentage of population using at least basic drinking water services (percent),6121,Value,2002,2002,%,99,X,
DEU,2003-01-01,2003-12-31,79,'276,Germany,21047,Percentage of population using at least basic drinking water services (percent),6121,Value,2003,2003,%,99,X,
DEU,2004-01-01,2004-12-31,79,'276,Germany,21047,Percentage of population using at least basic drinking water services (percent),6121,Value,2004,2004,%,99,X,
DEU,2005-01-01,2005-12-31,79,'276,Germany,21047,Percentage of population using at least basic drinking water services (percent),6121,Value,2005,2005,%,99,X,
DEU,2006-01-01,2006-12-31,79,'276,Germany,21047,Percentage of population using at least basic drinking water services (percent),6121,Value,2006,2006,%,99,X,
DEU,2007-01-01,2007-12-31,79,'276,Germany,21047,Percentage of population using at least basic drinking water services (percent),6121,Value,2007,2007,%,99,X,
DEU,2008-01-01,2008-12-31,79,'276,Germany,21047,Percentage of population using at least basic drinking water services (percent),6121,Value,2008,2008,%,99,X,
DEU,2009-01-01,2009-12-31,79,'276,Germany,21047,Percentage of population using at least basic drinking water services (percent),6121,Value,2009,2009,%,99,X,
DEU,2010-01-01,2010-12-31,79,'276,Germany,21047,Percentage of population using at least basic drinking water services (percent),6121,Value,2010,2010,%,99,X,
DEU,2011-01-01,2011-12-31,79,'276,Germany,21047,Percentage of population using at least basic drinking water services (percent),6121,Value,2011,2011,%,99,X,
DEU,2012-01-01,2012-12-31,79,'276,Germany,21047,Percentage of population using at least basic drinking water services (percent),6121,Value,2012,2012,%,99,X,
DEU,2013-01-01,2013-12-31,79,'276,Germany,21047,Percentage of population using at least basic drinking water services (percent),6121,Value,2013,2013,%,99,X,
DEU,2014-01-01,2014-12-31,79,'276,Germany,21047,Percentage of population using at least basic drinking water services (percent),6121,Value,2014,2014,%,99,X,
DEU,2015-01-01,2015-12-31,79,'276,Germany,21047,Percentage of population using at least basic drinking water services (percent),6121,Value,2015,2015,%,99,X,
DEU,2016-01-01,2016-12-31,79,'276,Germany,21047,Percentage of population using at least basic drinking water services (percent),6121,Value,2016,2016,%,99,X,
DEU,2017-01-01,2017-12-31,79,'276,Germany,21047,Percentage of population using at least basic drinking water services (percent),6121,Value,2017,2017,%,99,X,
DEU,2018-01-01,2018-12-31,79,'276,Germany,21047,Percentage of population using at least basic drinking water services (percent),6121,Value,2018,2018,%,99,X,
DEU,2019-01-01,2019-12-31,79,'276,Germany,21047,Percentage of population using at least basic drinking water services (percent),6121,Value,2019,2019,%,99,X,
DEU,2020-01-01,2020-12-31,79,'276,Germany,21047,Percentage of population using at least basic drinking water services (percent),6121,Value,2020,2020,%,99,X,
DEU,2000-01-01,2000-12-31,79,'276,Germany,21046,Percentage of population using safely managed sanitation services (Percent),6121,Value,2000,2000,%,95.8,X,
DEU,2001-01-01,2001-12-31,79,'276,Germany,21046,Percentage of population using safely managed sanitation services (Percent),6121,Value,2001,2001,%,95.8,X,
DEU,2002-01-01,2002-12-31,79,'276,Germany,21046,Percentage of population using safely managed sanitation services (Percent),6121,Value,2002,2002,%,95.8,X,
DEU,2003-01-01,2003-12-31,79,'276,Germany,21046,Percentage of population using safely managed sanitation services (Percent),6121,Value,2003,2003,%,95.8,X,
DEU,2004-01-01,2004-12-31,79,'276,Germany,21046,Percentage of population using safely managed sanitation services (Percent),6121,Value,2004,2004,%,95.9,X,
DEU,2005-01-01,2005-12-31,79,'276,Germany,21046,Percentage of population using safely managed sanitation services (Percent),6121,Value,2005,2005,%,96,X,
DEU,2006-01-01,2006-12-31,79,'276,Germany,21046,Percentage of population using safely managed sanitation services (Percent),6121,Value,2006,2006,%,96.1,X,
DEU,2007-01-01,2007-12-31,79,'276,Germany,21046,Percentage of population using safely managed sanitation services (Percent),6121,Value,2007,2007,%,96.2,X,
DEU,2008-01-01,2008-12-31,79,'276,Germany,21046,Percentage of population using safely managed sanitation services (Percent),6121,Value,2008,2008,%,96.3,X,
DEU,2009-01-01,2009-12-31,79,'276,Germany,21046,Percentage of population using safely managed sanitation services (Percent),6121,Value,2009,2009,%,96.4,X,
DEU,2010-01-01,2010-12-31,79,'276,Germany,21046,Percentage of population using safely managed sanitation services (Percent),6121,Value,2010,2010,%,96.5,X,
DEU,2011-01-01,2011-12-31,79,'276,Germany,21046,Percentage of population using safely managed sanitation services (Percent),6121,Value,2011,2011,%,96.6,X,
DEU,2012-01-01,2012-12-31,79,'276,Germany,21046,Percentage of population using safely managed sanitation services (Percent),6121,Value,2012,2012,%,96.6,X,
DEU,2013-01-01,2013-12-31,79,'276,Germany,21046,Percentage of population using safely managed sanitation services (Percent),6121,Value,2013,2013,%,96.7,X,
DEU,2014-01-01,2014-12-31,79,'276,Germany,21046,Percentage of population using safely managed sanitation services (Percent),6121,Value,2014,2014,%,96.8,X,
DEU,2015-01-01,2015-12-31,79,'276,Germany,21046,Percentage of population using safely managed sanitation services (Percent),6121,Value,2015,2015,%,96.9,X,
DEU,2016-01-01,2016-12-31,79,'276,Germany,21046,Percentage of population using safely managed sanitation services (Percent),6121,Value,2016,2016,%,97,X,
DEU,2017-01-01,2017-12-31,79,'276,Germany,21046,Percentage of population using safely managed sanitation services (Percent),6121,Value,2017,2017,%,97,X,
DEU,2018-01-01,2018-12-31,79,'276,Germany,21046,Percentage of population using safely managed sanitation services (Percent),6121,Value,2018,2018,%,97.1,X,
DEU,2019-01-01,2019-12-31,79,'276,Germany,21046,Percentage of population using safely managed sanitation services (Percent),6121,Value,2019,2019,%,97.1,X,
DEU,2020-01-01,2020-12-31,79,'276,Germany,21046,Percentage of population using safely managed sanitation services (Percent),6121,Value,2020,2020,%,97.1,X,
DEU,2000-01-01,2000-12-31,79,'276,Germany,21048,Percentage of population using at least basic sanitation services (percent),6121,Value,2000,2000,%,99,X,
DEU,2001-01-01,2001-12-31,79,'276,Germany,21048,Percentage of population using at least basic sanitation services (percent),6121,Value,2001,2001,%,99,X,
DEU,2002-01-01,2002-12-31,79,'276,Germany,21048,Percentage of population using at least basic sanitation services (percent),6121,Value,2002,2002,%,99,X,
DEU,2003-01-01,2003-12-31,79,'276,Germany,21048,Percentage of population using at least basic sanitation services (percent),6121,Value,2003,2003,%,99,X,
DEU,2004-01-01,2004-12-31,79,'276,Germany,21048,Percentage of population using at least basic sanitation services (percent),6121,Value,2004,2004,%,99,X,
DEU,2005-01-01,2005-12-31,79,'276,Germany,21048,Percentage of population using at least basic sanitation services (percent),6121,Value,2005,2005,%,99,X,
DEU,2006-01-01,2006-12-31,79,'276,Germany,21048,Percentage of population using at least basic sanitation services (percent),6121,Value,2006,2006,%,99,X,
DEU,2007-01-01,2007-12-31,79,'276,Germany,21048,Percentage of population using at least basic sanitation services (percent),6121,Value,2007,2007,%,99,X,
DEU,2008-01-01,2008-12-31,79,'276,Germany,21048,Percentage of population using at least basic sanitation services (percent),6121,Value,2008,2008,%,99,X,
DEU,2009-01-01,2009-12-31,79,'276,Germany,21048,Percentage of population using at least basic sanitation services (percent),6121,Value,2009,2009,%,99,X,
DEU,2010-01-01,2010-12-31,79,'276,Germany,21048,Percentage of population using at least basic sanitation services (percent),6121,Value,2010,2010,%,99,X,
DEU,2011-01-01,2011-12-31,79,'276,Germany,21048,Percentage of population using at least basic sanitation services (percent),6121,Value,2011,2011,%,99,X,
DEU,2012-01-01,2012-12-31,79,'276,Germany,21048,Percentage of population using at least basic sanitation services (percent),6121,Value,2012,2012,%,99,X,
DEU,2013-01-01,2013-12-31,79,'276,Germany,21048,Percentage of population using at least basic sanitation services (percent),6121,Value,2013,2013,%,99,X,
DEU,2014-01-01,2014-12-31,79,'276,Germany,21048,Percentage of population using at least basic sanitation services (percent),6121,Value,2014,2014,%,99,X,
DEU,2015-01-01,2015-12-31,79,'276,Germany,21048,Percentage of population using at least basic sanitation services (percent),6121,Value,2015,2015,%,99,X,
DEU,2016-01-01,2016-12-31,79,'276,Germany,21048,Percentage of population using at least basic sanitation services (percent),6121,Value,2016,2016,%,99,X,
DEU,2017-01-01,2017-12-31,79,'276,Germany,21048,Percentage of population using at least basic sanitation services (percent),6121,Value,2017,2017,%,99,X,
DEU,2018-01-01,2018-12-31,79,'276,Germany,21048,Percentage of population using at least basic sanitation services (percent),6121,Value,2018,2018,%,99,X,
DEU,2019-01-01,2019-12-31,79,'276,Germany,21048,Percentage of population using at least basic sanitation services (percent),6121,Value,2019,2019,%,99,X,
DEU,2020-01-01,2020-12-31,79,'276,Germany,21048,Percentage of population using at least basic sanitation services (percent),6121,Value,2020,2020,%,99,X,
DEU,2004-01-01,2004-12-31,79,'276,Germany,21026,Percentage of children under 5 years affected by wasting (percent),6121,Value,2004,2004,%,1,X,
DEU,2016-01-01,2016-12-31,79,'276,Germany,21026,Percentage of children under 5 years affected by wasting (percent),6121,Value,2016,2016,%,0.4,X,
DEU,2022-01-01,2022-12-31,79,'276,Germany,21026,Percentage of children under 5 years affected by wasting (percent),6121,Value,2022,2022,%,0.4,X,
DEU,2004-01-01,2004-12-31,79,'276,Germany,210260,Number of children under 5 years affected by wasting (million),6132,Value,2004,2004,million No,<0.1,X,
DEU,2016-01-01,2016-12-31,79,'276,Germany,210260,Number of children under 5 years affected by wasting (million),6132,Value,2016,2016,million No,<0.1,X,
DEU,2000-01-01,2000-12-31,79,'276,Germany,21025,Percentage of children under 5 years of age who are stunted (modelled estimates) (percent),6121,Value,2000,2000,%,1.2,X,
DEU,2001-01-01,2001-12-31,79,'276,Germany,21025,Percentage of children under 5 years of age who are stunted (modelled estimates) (percent),6121,Value,2001,2001,%,1.2,X,
DEU,2002-01-01,2002-12-31,79,'276,Germany,21025,Percentage of children under 5 years of age who are stunted (modelled estimates) (percent),6121,Value,2002,2002,%,1.2,X,
DEU,2003-01-01,2003-12-31,79,'276,Germany,21025,Percentage of children under 5 years of age who are stunted (modelled estimates) (percent),6121,Value,2003,2003,%,1.2,X,
DEU,2004-01-01,2004-12-31,79,'276,Germany,21025,Percentage of children under 5 years of age who are stunted (modelled estimates) (percent),6121,Value,2004,2004,%,1.2,X,
DEU,2005-01-01,2005-12-31,79,'276,Germany,21025,Percentage of children under 5 years of age who are stunted (modelled estimates) (percent),6121,Value,2005,2005,%,1.2,X,
DEU,2006-01-01,2006-12-31,79,'276,Germany,21025,Percentage of children under 5 years of age who are stunted (modelled estimates) (percent),6121,Value,2006,2006,%,1.3,X,
DEU,2007-01-01,2007-12-31,79,'276,Germany,21025,Percentage of children under 5 years of age who are stunted (modelled estimates) (percent),6121,Value,2007,2007,%,1.3,X,
DEU,2008-01-01,2008-12-31,79,'276,Germany,21025,Percentage of children under 5 years of age who are stunted (modelled estimates) (percent),6121,Value,2008,2008,%,1.4,X,
DEU,2009-01-01,2009-12-31,79,'276,Germany,21025,Percentage of children under 5 years of age who are stunted (modelled estimates) (percent),6121,Value,2009,2009,%,1.4,X,
DEU,2010-01-01,2010-12-31,79,'276,Germany,21025,Percentage of children under 5 years of age who are stunted (modelled estimates) (percent),6121,Value,2010,2010,%,1.4,X,
DEU,2011-01-01,2011-12-31,79,'276,Germany,21025,Percentage of children under 5 years of age who are stunted (modelled estimates) (percent),6121,Value,2011,2011,%,1.5,X,
DEU,2012-01-01,2012-12-31,79,'276,Germany,21025,Percentage of children under 5 years of age who are stunted (modelled estimates) (percent),6121,Value,2012,2012,%,1.5,X,
DEU,2013-01-01,2013-12-31,79,'276,Germany,21025,Percentage of children under 5 years of age who are stunted (modelled estimates) (percent),6121,Value,2013,2013,%,1.6,X,
DEU,2014-01-01,2014-12-31,79,'276,Germany,21025,Percentage of children under 5 years of age who are stunted (modelled estimates) (percent),6121,Value,2014,2014,%,1.6,X,
DEU,2015-01-01,2015-12-31,79,'276,Germany,21025,Percentage of children under 5 years of age who are stunted (modelled estimates) (percent),6121,Value,2015,2015,%,1.7,X,
DEU,2016-01-01,2016-12-31,79,'276,Germany,21025,Percentage of children under 5 years of age who are stunted (modelled estimates) (percent),6121,Value,2016,2016,%,1.8,X,
DEU,2017-01-01,2017-12-31,79,'276,Germany,21025,Percentage of children under 5 years of age who are stunted (modelled estimates) (percent),6121,Value,2017,2017,%,1.8,X,
DEU,2018-01-01,2018-12-31,79,'276,Germany,21025,Percentage of children under 5 years of age who are stunted (modelled estimates) (percent),6121,Value,2018,2018,%,1.9,X,
DEU,2019-01-01,2019-12-31,79,'276,Germany,21025,Percentage of children under 5 years of age who are stunted (modelled estimates) (percent),6121,Value,2019,2019,%,2,X,
DEU,2020-01-01,2020-12-31,79,'276,Germany,21025,Percentage of children under 5 years of age who are stunted (modelled estimates) (percent),6121,Value,2020,2020,%,2,X,
DEU,2021-01-01,2021-12-31,79,'276,Germany,21025,Percentage of children under 5 years of age who are stunted (modelled estimates) (percent),6121,Value,2021,2021,%,2.1,X,
DEU,2022-01-01,2022-12-31,79,'276,Germany,21025,Percentage of children under 5 years of age who are stunted (modelled estimates) (percent),6121,Value,2022,2022,%,2.1,X,
DEU,2000-01-01,2000-12-31,79,'276,Germany,210250,Number of children under 5 years of age who are stunted (modeled estimates) (million),6132,Value,2000,2000,million No,<0.1,X,
DEU,2001-01-01,2001-12-31,79,'276,Germany,210250,Number of children under 5 years of age who are stunted (modeled estimates) (million),6132,Value,2001,2001,million No,<0.1,X,
DEU,2002-01-01,2002-12-31,79,'276,Germany,210250,Number of children under 5 years of age who are stunted (modeled estimates) (million),6132,Value,2002,2002,million No,<0.1,X,
DEU,2003-01-01,2003-12-31,79,'276,Germany,210250,Number of children under 5 years of age who are stunted (modeled estimates) (million),6132,Value,2003,2003,million No,<0.1,X,
DEU,2004-01-01,2004-12-31,79,'276,Germany,210250,Number of children under 5 years of age who are stunted (modeled estimates) (million),6132,Value,2004,2004,million No,<0.1,X,
DEU,2005-01-01,2005-12-31,79,'276,Germany,210250,Number of children under 5 years of age who are stunted (modeled estimates) (million),6132,Value,2005,2005,million No,<0.1,X,
DEU,2006-01-01,2006-12-31,79,'276,Germany,210250,Number of children under 5 years of age who are stunted (modeled estimates) (million),6132,Value,2006,2006,million No,<0.1,X,
DEU,2007-01-01,2007-12-31,79,'276,Germany,210250,Number of children under 5 years of age who are stunted (modeled estimates) (million),6132,Value,2007,2007,million No,<0.1,X,
DEU,2008-01-01,2008-12-31,79,'276,Germany,210250,Number of children under 5 years of age who are stunted (modeled estimates) (million),6132,Value,2008,2008,million No,<0.1,X,
DEU,2009-01-01,2009-12-31,79,'276,Germany,210250,Number of children under 5 years of age who are stunted (modeled estimates) (million),6132,Value,2009,2009,million No,<0.1,X,
DEU,2010-01-01,2010-12-31,79,'276,Germany,210250,Number of children under 5 years of age who are stunted (modeled estimates) (million),6132,Value,2010,2010,million No,<0.1,X,
DEU,2011-01-01,2011-12-31,79,'276,Germany,210250,Number of children under 5 years of age who are stunted (modeled estimates) (million),6132,Value,2011,2011,million No,<0.1,X,
DEU,2012-01-01,2012-12-31,79,'276,Germany,210250,Number of children under 5 years of age who are stunted (modeled estimates) (million),6132,Value,2012,2012,million No,0.1,X,
DEU,2013-01-01,2013-12-31,79,'276,Germany,210250,Number of children under 5 years of age who are stunted (modeled estimates) (million),6132,Value,2013,2013,million No,0.1,X,
DEU,2014-01-01,2014-12-31,79,'276,Germany,210250,Number of children under 5 years of age who are stunted (modeled estimates) (million),6132,Value,2014,2014,million No,0.1,X,
DEU,2015-01-01,2015-12-31,79,'276,Germany,210250,Number of children under 5 years of age who are stunted (modeled estimates) (million),6132,Value,2015,2015,million No,0.1,X,
DEU,2016-01-01,2016-12-31,79,'276,Germany,210250,Number of children under 5 years of age who are stunted (modeled estimates) (million),6132,Value,2016,2016,million No,0.1,X,
DEU,2017-01-01,2017-12-31,79,'276,Germany,210250,Number of children under 5 years of age who are stunted (modeled estimates) (million),6132,Value,2017,2017,million No,0.1,X,
DEU,2018-01-01,2018-12-31,79,'276,Germany,210250,Number of children under 5 years of age who are stunted (modeled estimates) (million),6132,Value,2018,2018,million No,0.1,X,
DEU,2019-01-01,2019-12-31,79,'276,Germany,210250,Number of children under 5 years of age who are stunted (modeled estimates) (million),6132,Value,2019,2019,million No,0.1,X,
DEU,2020-01-01,2020-12-31,79,'276,Germany,210250,Number of children under 5 years of age who are stunted (modeled estimates) (million),6132,Value,2020,2020,million No,0.1,X,
DEU,2021-01-01,2021-12-31,79,'276,Germany,210250,Number of children under 5 years of age who are stunted (modeled estimates) (million),6132,Value,2021,2021,million No,0.1,X,
DEU,2022-01-01,2022-12-31,79,'276,Germany,210250,Number of children under 5 years of age who are stunted (modeled estimates) (million),6132,Value,2022,2022,million No,0.1,X,
DEU,2000-01-01,2000-12-31,79,'276,Germany,21041,Percentage of children under 5 years of age who are overweight (modelled estimates) (percent),6121,Value,2000,2000,%,3.9,X,
DEU,2001-01-01,2001-12-31,79,'276,Germany,21041,Percentage of children under 5 years of age who are overweight (modelled estimates) (percent),6121,Value,2001,2001,%,3.9,X,
DEU,2002-01-01,2002-12-31,79,'276,Germany,21041,Percentage of children under 5 years of age who are overweight (modelled estimates) (percent),6121,Value,2002,2002,%,3.8,X,
DEU,2003-01-01,2003-12-31,79,'276,Germany,21041,Percentage of children under 5 years of age who are overweight (modelled estimates) (percent),6121,Value,2003,2003,%,3.8,X,
DEU,2004-01-01,2004-12-31,79,'276,Germany,21041,Percentage of children under 5 years of age who are overweight (modelled estimates) (percent),6121,Value,2004,2004,%,3.7,X,
DEU,2005-01-01,2005-12-31,79,'276,Germany,21041,Percentage of children under 5 years of age who are overweight (modelled estimates) (percent),6121,Value,2005,2005,%,3.7,X,
DEU,2006-01-01,2006-12-31,79,'276,Germany,21041,Percentage of children under 5 years of age who are overweight (modelled estimates) (percent),6121,Value,2006,2006,%,3.6,X,
DEU,2007-01-01,2007-12-31,79,'276,Germany,21041,Percentage of children under 5 years of age who are overweight (modelled estimates) (percent),6121,Value,2007,2007,%,3.6,X,
DEU,2008-01-01,2008-12-31,79,'276,Germany,21041,Percentage of children under 5 years of age who are overweight (modelled estimates) (percent),6121,Value,2008,2008,%,3.5,X,
DEU,2009-01-01,2009-12-31,79,'276,Germany,21041,Percentage of children under 5 years of age who are overweight (modelled estimates) (percent),6121,Value,2009,2009,%,3.5,X,
DEU,2010-01-01,2010-12-31,79,'276,Germany,21041,Percentage of children under 5 years of age who are overweight (modelled estimates) (percent),6121,Value,2010,2010,%,3.5,X,
DEU,2011-01-01,2011-12-31,79,'276,Germany,21041,Percentage of children under 5 years of age who are overweight (modelled estimates) (percent),6121,Value,2011,2011,%,3.4,X,
DEU,2012-01-01,2012-12-31,79,'276,Germany,21041,Percentage of children under 5 years of age who are overweight (modelled estimates) (percent),6121,Value,2012,2012,%,3.4,X,
DEU,2013-01-01,2013-12-31,79,'276,Germany,21041,Percentage of children under 5 years of age who are overweight (modelled estimates) (percent),6121,Value,2013,2013,%,3.3,X,
DEU,2014-01-01,2014-12-31,79,'276,Germany,21041,Percentage of children under 5 years of age who are overweight (modelled estimates) (percent),6121,Value,2014,2014,%,3.3,X,
DEU,2015-01-01,2015-12-31,79,'276,Germany,21041,Percentage of children under 5 years of age who are overweight (modelled estimates) (percent),6121,Value,2015,2015,%,3.3,X,
DEU,2016-01-01,2016-12-31,79,'276,Germany,21041,Percentage of children under 5 years of age who are overweight (modelled estimates) (percent),6121,Value,2016,2016,%,3.2,X,
DEU,2017-01-01,2017-12-31,79,'276,Germany,21041,Percentage of children under 5 years of age who are overweight (modelled estimates) (percent),6121,Value,2017,2017,%,3.2,X,
DEU,2018-01-01,2018-12-31,79,'276,Germany,21041,Percentage of children under 5 years of age who are overweight (modelled estimates) (percent),6121,Value,2018,2018,%,3.2,X,
DEU,2019-01-01,2019-12-31,79,'276,Germany,21041,Percentage of children under 5 years of age who are overweight (modelled estimates) (percent),6121,Value,2019,2019,%,3.1,X,
DEU,2020-01-01,2020-12-31,79,'276,Germany,21041,Percentage of children under 5 years of age who are overweight (modelled estimates) (percent),6121,Value,2020,2020,%,3.1,X,
DEU,2021-01-01,2021-12-31,79,'276,Germany,21041,Percentage of children under 5 years of age who are overweight (modelled estimates) (percent),6121,Value,2021,2021,%,3.1,X,
DEU,2022-01-01,2022-12-31,79,'276,Germany,21041,Percentage of children under 5 years of age who are overweight (modelled estimates) (percent),6121,Value,2022,2022,%,3.1,X,
DEU,2000-01-01,2000-12-31,79,'276,Germany,210410,Number of children under 5 years of age who are overweight (modeled estimates) (million),6132,Value,2000,2000,million No,0.2,X,
DEU,2001-01-01,2001-12-31,79,'276,Germany,210410,Number of children under 5 years of age who are overweight (modeled estimates) (million),6132,Value,2001,2001,million No,0.2,X,
DEU,2002-01-01,2002-12-31,79,'276,Germany,210410,Number of children under 5 years of age who are overweight (modeled estimates) (million),6132,Value,2002,2002,million No,0.1,X,
DEU,2003-01-01,2003-12-31,79,'276,Germany,210410,Number of children under 5 years of age who are overweight (modeled estimates) (million),6132,Value,2003,2003,million No,0.1,X,
DEU,2004-01-01,2004-12-31,79,'276,Germany,210410,Number of children under 5 years of age who are overweight (modeled estimates) (million),6132,Value,2004,2004,million No,0.1,X,
DEU,2005-01-01,2005-12-31,79,'276,Germany,210410,Number of children under 5 years of age who are overweight (modeled estimates) (million),6132,Value,2005,2005,million No,0.1,X,
DEU,2006-01-01,2006-12-31,79,'276,Germany,210410,Number of children under 5 years of age who are overweight (modeled estimates) (million),6132,Value,2006,2006,million No,0.1,X,
DEU,2007-01-01,2007-12-31,79,'276,Germany,210410,Number of children under 5 years of age who are overweight (modeled estimates) (million),6132,Value,2007,2007,million No,0.1,X,
DEU,2008-01-01,2008-12-31,79,'276,Germany,210410,Number of children under 5 years of age who are overweight (modeled estimates) (million),6132,Value,2008,2008,million No,0.1,X,
DEU,2009-01-01,2009-12-31,79,'276,Germany,210410,Number of children under 5 years of age who are overweight (modeled estimates) (million),6132,Value,2009,2009,million No,0.1,X,
DEU,2010-01-01,2010-12-31,79,'276,Germany,210410,Number of children under 5 years of age who are overweight (modeled estimates) (million),6132,Value,2010,2010,million No,0.1,X,
DEU,2011-01-01,2011-12-31,79,'276,Germany,210410,Number of children under 5 years of age who are overweight (modeled estimates) (million),6132,Value,2011,2011,million No,0.1,X,
DEU,2012-01-01,2012-12-31,79,'276,Germany,210410,Number of children under 5 years of age who are overweight (modeled estimates) (million),6132,Value,2012,2012,million No,0.1,X,
DEU,2013-01-01,2013-12-31,79,'276,Germany,210410,Number of children under 5 years of age who are overweight (modeled estimates) (million),6132,Value,2013,2013,million No,0.1,X,
DEU,2014-01-01,2014-12-31,79,'276,Germany,210410,Number of children under 5 years of age who are overweight (modeled estimates) (million),6132,Value,2014,2014,million No,0.1,X,
DEU,2015-01-01,2015-12-31,79,'276,Germany,210410,Number of children under 5 years of age who are overweight (modeled estimates) (million),6132,Value,2015,2015,million No,0.1,X,
DEU,2016-01-01,2016-12-31,79,'276,Germany,210410,Number of children under 5 years of age who are overweight (modeled estimates) (million),6132,Value,2016,2016,million No,0.1,X,
DEU,2017-01-01,2017-12-31,79,'276,Germany,210410,Number of children under 5 years of age who are overweight (modeled estimates) (million),6132,Value,2017,2017,million No,0.1,X,
DEU,2018-01-01,2018-12-31,79,'276,Germany,210410,Number of children under 5 years of age who are overweight (modeled estimates) (million),6132,Value,2018,2018,million No,0.1,X,
DEU,2019-01-01,2019-12-31,79,'276,Germany,210410,Number of children under 5 years of age who are overweight (modeled estimates) (million),6132,Value,2019,2019,million No,0.1,X,
DEU,2020-01-01,2020-12-31,79,'276,Germany,210410,Number of children under 5 years of age who are overweight (modeled estimates) (million),6132,Value,2020,2020,million No,0.1,X,
DEU,2021-01-01,2021-12-31,79,'276,Germany,210410,Number of children under 5 years of age who are overweight (modeled estimates) (million),6132,Value,2021,2021,million No,0.1,X,
DEU,2022-01-01,2022-12-31,79,'276,Germany,210410,Number of children under 5 years of age who are overweight (modeled estimates) (million),6132,Value,2022,2022,million No,0.1,X,
DEU,2000-01-01,2000-12-31,79,'276,Germany,21042,Prevalence of obesity in the adult population (18 years and older),6121,Value,2000,2000,%,16.3,X,
DEU,2001-01-01,2001-12-31,79,'276,Germany,21042,Prevalence of obesity in the adult population (18 years and older),6121,Value,2001,2001,%,16.6,X,
DEU,2002-01-01,2002-12-31,79,'276,Germany,21042,Prevalence of obesity in the adult population (18 years and older),6121,Value,2002,2002,%,17,X,
DEU,2003-01-01,2003-12-31,79,'276,Germany,21042,Prevalence of obesity in the adult population (18 years and older),6121,Value,2003,2003,%,17.3,X,
DEU,2004-01-01,2004-12-31,79,'276,Germany,21042,Prevalence of obesity in the adult population (18 years and older),6121,Value,2004,2004,%,17.7,X,
DEU,2005-01-01,2005-12-31,79,'276,Germany,21042,Prevalence of obesity in the adult population (18 years and older),6121,Value,2005,2005,%,18,X,
DEU,2006-01-01,2006-12-31,79,'276,Germany,21042,Prevalence of obesity in the adult population (18 years and older),6121,Value,2006,2006,%,18.4,X,
DEU,2007-01-01,2007-12-31,79,'276,Germany,21042,Prevalence of obesity in the adult population (18 years and older),6121,Value,2007,2007,%,18.8,X,
DEU,2008-01-01,2008-12-31,79,'276,Germany,21042,Prevalence of obesity in the adult population (18 years and older),6121,Value,2008,2008,%,19.2,X,
DEU,2009-01-01,2009-12-31,79,'276,Germany,21042,Prevalence of obesity in the adult population (18 years and older),6121,Value,2009,2009,%,19.5,X,
DEU,2010-01-01,2010-12-31,79,'276,Germany,21042,Prevalence of obesity in the adult population (18 years and older),6121,Value,2010,2010,%,19.9,X,
DEU,2011-01-01,2011-12-31,79,'276,Germany,21042,Prevalence of obesity in the adult population (18 years and older),6121,Value,2011,2011,%,20.3,X,
DEU,2012-01-01,2012-12-31,79,'276,Germany,21042,Prevalence of obesity in the adult population (18 years and older),6121,Value,2012,2012,%,20.7,X,
DEU,2013-01-01,2013-12-31,79,'276,Germany,21042,Prevalence of obesity in the adult population (18 years and older),6121,Value,2013,2013,%,21.1,X,
DEU,2014-01-01,2014-12-31,79,'276,Germany,21042,Prevalence of obesity in the adult population (18 years and older),6121,Value,2014,2014,%,21.5,X,
DEU,2015-01-01,2015-12-31,79,'276,Germany,21042,Prevalence of obesity in the adult population (18 years and older),6121,Value,2015,2015,%,21.9,X,
DEU,2016-01-01,2016-12-31,79,'276,Germany,21042,Prevalence of obesity in the adult population (18 years and older),6121,Value,2016,2016,%,22.3,X,
DEU,2000-01-01,2000-12-31,79,'276,Germany,210420,Number of obese adults (18 years and older) (million),6132,Value,2000,2000,million No,10.8,X,
DEU,2001-01-01,2001-12-31,79,'276,Germany,210420,Number of obese adults (18 years and older) (million),6132,Value,2001,2001,million No,11.1,X,
DEU,2002-01-01,2002-12-31,79,'276,Germany,210420,Number of obese adults (18 years and older) (million),6132,Value,2002,2002,million No,11.4,X,
DEU,2003-01-01,2003-12-31,79,'276,Germany,210420,Number of obese adults (18 years and older) (million),6132,Value,2003,2003,million No,11.6,X,
DEU,2004-01-01,2004-12-31,79,'276,Germany,210420,Number of obese adults (18 years and older) (million),6132,Value,2004,2004,million No,12,X,
DEU,2005-01-01,2005-12-31,79,'276,Germany,210420,Number of obese adults (18 years and older) (million),6132,Value,2005,2005,million No,12.2,X,
DEU,2006-01-01,2006-12-31,79,'276,Germany,210420,Number of obese adults (18 years and older) (million),6132,Value,2006,2006,million No,12.5,X,
DEU,2007-01-01,2007-12-31,79,'276,Germany,210420,Number of obese adults (18 years and older) (million),6132,Value,2007,2007,million No,12.8,X,
DEU,2008-01-01,2008-12-31,79,'276,Germany,210420,Number of obese adults (18 years and older) (million),6132,Value,2008,2008,million No,13.1,X,
DEU,2009-01-01,2009-12-31,79,'276,Germany,210420,Number of obese adults (18 years and older) (million),6132,Value,2009,2009,million No,13.3,X,
DEU,2010-01-01,2010-12-31,79,'276,Germany,210420,Number of obese adults (18 years and older) (million),6132,Value,2010,2010,million No,13.6,X,
DEU,2011-01-01,2011-12-31,79,'276,Germany,210420,Number of obese adults (18 years and older) (million),6132,Value,2011,2011,million No,13.6,X,
DEU,2012-01-01,2012-12-31,79,'276,Germany,210420,Number of obese adults (18 years and older) (million),6132,Value,2012,2012,million No,13.9,X,
DEU,2013-01-01,2013-12-31,79,'276,Germany,210420,Number of obese adults (18 years and older) (million),6132,Value,2013,2013,million No,14.2,X,
DEU,2014-01-01,2014-12-31,79,'276,Germany,210420,Number of obese adults (18 years and older) (million),6132,Value,2014,2014,million No,14.6,X,
DEU,2015-01-01,2015-12-31,79,'276,Germany,210420,Number of obese adults (18 years and older) (million),6132,Value,2015,2015,million No,15,X,
DEU,2016-01-01,2016-12-31,79,'276,Germany,210420,Number of obese adults (18 years and older) (million),6132,Value,2016,2016,million No,15.4,X,
DEU,2000-01-01,2000-12-31,79,'276,Germany,21043,Prevalence of anemia among women of reproductive age (15-49 years),6121,Value,2000,2000,%,9.9,X,
DEU,2001-01-01,2001-12-31,79,'276,Germany,21043,Prevalence of anemia among women of reproductive age (15-49 years),6121,Value,2001,2001,%,9.7,X,
DEU,2002-01-01,2002-12-31,79,'276,Germany,21043,Prevalence of anemia among women of reproductive age (15-49 years),6121,Value,2002,2002,%,9.7,X,
DEU,2003-01-01,2003-12-31,79,'276,Germany,21043,Prevalence of anemia among women of reproductive age (15-49 years),6121,Value,2003,2003,%,9.6,X,
DEU,2004-01-01,2004-12-31,79,'276,Germany,21043,Prevalence of anemia among women of reproductive age (15-49 years),6121,Value,2004,2004,%,9.5,X,
DEU,2005-01-01,2005-12-31,79,'276,Germany,21043,Prevalence of anemia among women of reproductive age (15-49 years),6121,Value,2005,2005,%,9.5,X,
DEU,2006-01-01,2006-12-31,79,'276,Germany,21043,Prevalence of anemia among women of reproductive age (15-49 years),6121,Value,2006,2006,%,9.5,X,
DEU,2007-01-01,2007-12-31,79,'276,Germany,21043,Prevalence of anemia among women of reproductive age (15-49 years),6121,Value,2007,2007,%,9.4,X,
DEU,2008-01-01,2008-12-31,79,'276,Germany,21043,Prevalence of anemia among women of reproductive age (15-49 years),6121,Value,2008,2008,%,9.4,X,
DEU,2009-01-01,2009-12-31,79,'276,Germany,21043,Prevalence of anemia among women of reproductive age (15-49 years),6121,Value,2009,2009,%,9.4,X,
DEU,2010-01-01,2010-12-31,79,'276,Germany,21043,Prevalence of anemia among women of reproductive age (15-49 years),6121,Value,2010,2010,%,9.4,X,
DEU,2011-01-01,2011-12-31,79,'276,Germany,21043,Prevalence of anemia among women of reproductive age (15-49 years),6121,Value,2011,2011,%,9.5,X,
DEU,2012-01-01,2012-12-31,79,'276,Germany,21043,Prevalence of anemia among women of reproductive age (15-49 years),6121,Value,2012,2012,%,9.6,X,
DEU,2013-01-01,2013-12-31,79,'276,Germany,21043,Prevalence of anemia among women of reproductive age (15-49 years),6121,Value,2013,2013,%,9.7,X,
DEU,2014-01-01,2014-12-31,79,'276,Germany,21043,Prevalence of anemia among women of reproductive age (15-49 years),6121,Value,2014,2014,%,10,X,
DEU,2015-01-01,2015-12-31,79,'276,Germany,21043,Prevalence of anemia among women of reproductive age (15-49 years),6121,Value,2015,2015,%,10.2,X,
DEU,2016-01-01,2016-12-31,79,'276,Germany,21043,Prevalence of anemia among women of reproductive age (15-49 years),6121,Value,2016,2016,%,10.5,X,
DEU,2017-01-01,2017-12-31,79,'276,Germany,21043,Prevalence of anemia among women of reproductive age (15-49 years),6121,Value,2017,2017,%,10.9,X,
DEU,2018-01-01,2018-12-31,79,'276,Germany,21043,Prevalence of anemia among women of reproductive age (15-49 years),6121,Value,2018,2018,%,11.3,X,
DEU,2019-01-01,2019-12-31,79,'276,Germany,21043,Prevalence of anemia among women of reproductive age (15-49 years),6121,Value,2019,2019,%,11.7,X,
DEU,2000-01-01,2000-12-31,79,'276,Germany,210430,Number of women of reproductive age (15-49 years) affected by anemia (million),6132,Value,2000,2000,million No,1.9,X,
DEU,2001-01-01,2001-12-31,79,'276,Germany,210430,Number of women of reproductive age (15-49 years) affected by anemia (million),6132,Value,2001,2001,million No,1.9,X,
DEU,2002-01-01,2002-12-31,79,'276,Germany,210430,Number of women of reproductive age (15-49 years) affected by anemia (million),6132,Value,2002,2002,million No,1.9,X,
DEU,2003-01-01,2003-12-31,79,'276,Germany,210430,Number of women of reproductive age (15-49 years) affected by anemia (million),6132,Value,2003,2003,million No,1.9,X,
DEU,2004-01-01,2004-12-31,79,'276,Germany,210430,Number of women of reproductive age (15-49 years) affected by anemia (million),6132,Value,2004,2004,million No,1.9,X,
DEU,2005-01-01,2005-12-31,79,'276,Germany,210430,Number of women of reproductive age (15-49 years) affected by anemia (million),6132,Value,2005,2005,million No,1.8,X,
DEU,2006-01-01,2006-12-31,79,'276,Germany,210430,Number of women of reproductive age (15-49 years) affected by anemia (million),6132,Value,2006,2006,million No,1.8,X,
DEU,2007-01-01,2007-12-31,79,'276,Germany,210430,Number of women of reproductive age (15-49 years) affected by anemia (million),6132,Value,2007,2007,million No,1.8,X,
DEU,2008-01-01,2008-12-31,79,'276,Germany,210430,Number of women of reproductive age (15-49 years) affected by anemia (million),6132,Value,2008,2008,million No,1.8,X,
DEU,2009-01-01,2009-12-31,79,'276,Germany,210430,Number of women of reproductive age (15-49 years) affected by anemia (million),6132,Value,2009,2009,million No,1.7,X,
DEU,2010-01-01,2010-12-31,79,'276,Germany,210430,Number of women of reproductive age (15-49 years) affected by anemia (million),6132,Value,2010,2010,million No,1.7,X,
DEU,2011-01-01,2011-12-31,79,'276,Germany,210430,Number of women of reproductive age (15-49 years) affected by anemia (million),6132,Value,2011,2011,million No,1.7,X,
DEU,2012-01-01,2012-12-31,79,'276,Germany,210430,Number of women of reproductive age (15-49 years) affected by anemia (million),6132,Value,2012,2012,million No,1.7,X,
DEU,2013-01-01,2013-12-31,79,'276,Germany,210430,Number of women of reproductive age (15-49 years) affected by anemia (million),6132,Value,2013,2013,million No,1.7,X,
DEU,2014-01-01,2014-12-31,79,'276,Germany,210430,Number of women of reproductive age (15-49 years) affected by anemia (million),6132,Value,2014,2014,million No,1.8,X,
DEU,2015-01-01,2015-12-31,79,'276,Germany,210430,Number of women of reproductive age (15-49 years) affected by anemia (million),6132,Value,2015,2015,million No,1.8,X,
DEU,2016-01-01,2016-12-31,79,'276,Germany,210430,Number of women of reproductive age (15-49 years) affected by anemia (million),6132,Value,2016,2016,million No,1.8,X,
DEU,2017-01-01,2017-12-31,79,'276,Germany,210430,Number of women of reproductive age (15-49 years) affected by anemia (million),6132,Value,2017,2017,million No,1.9,X,
DEU,2018-01-01,2018-12-31,79,'276,Germany,210430,Number of women of reproductive age (15-49 years) affected by anemia (million),6132,Value,2018,2018,million No,1.9,X,
DEU,2019-01-01,2019-12-31,79,'276,Germany,210430,Number of women of reproductive age (15-49 years) affected by anemia (million),6132,Value,2019,2019,million No,2,X,
DEU,2000-01-01,2000-12-31,79,'276,Germany,21049,Prevalence of low birthweight (percent),6121,Value,2000,2000,%,6.8,X,
DEU,2001-01-01,2001-12-31,79,'276,Germany,21049,Prevalence of low birthweight (percent),6121,Value,2001,2001,%,6.8,X,
DEU,2002-01-01,2002-12-31,79,'276,Germany,21049,Prevalence of low birthweight (percent),6121,Value,2002,2002,%,6.8,X,
DEU,2003-01-01,2003-12-31,79,'276,Germany,21049,Prevalence of low birthweight (percent),6121,Value,2003,2003,%,6.8,X,
DEU,2004-01-01,2004-12-31,79,'276,Germany,21049,Prevalence of low birthweight (percent),6121,Value,2004,2004,%,6.8,X,
DEU,2005-01-01,2005-12-31,79,'276,Germany,21049,Prevalence of low birthweight (percent),6121,Value,2005,2005,%,6.8,X,
DEU,2006-01-01,2006-12-31,79,'276,Germany,21049,Prevalence of low birthweight (percent),6121,Value,2006,2006,%,6.8,X,
DEU,2007-01-01,2007-12-31,79,'276,Germany,21049,Prevalence of low birthweight (percent),6121,Value,2007,2007,%,6.8,X,
DEU,2008-01-01,2008-12-31,79,'276,Germany,21049,Prevalence of low birthweight (percent),6121,Value,2008,2008,%,6.8,X,
DEU,2009-01-01,2009-12-31,79,'276,Germany,21049,Prevalence of low birthweight (percent),6121,Value,2009,2009,%,6.8,X,
DEU,2010-01-01,2010-12-31,79,'276,Germany,21049,Prevalence of low birthweight (percent),6121,Value,2010,2010,%,6.9,X,
DEU,2011-01-01,2011-12-31,79,'276,Germany,21049,Prevalence of low birthweight (percent),6121,Value,2011,2011,%,6.9,X,
DEU,2012-01-01,2012-12-31,79,'276,Germany,21049,Prevalence of low birthweight (percent),6121,Value,2012,2012,%,6.9,X,
DEU,2013-01-01,2013-12-31,79,'276,Germany,21049,Prevalence of low birthweight (percent),6121,Value,2013,2013,%,6.9,X,
DEU,2014-01-01,2014-12-31,79,'276,Germany,21049,Prevalence of low birthweight (percent),6121,Value,2014,2014,%,6.8,X,
DEU,2015-01-01,2015-12-31,79,'276,Germany,21049,Prevalence of low birthweight (percent),6121,Value,2015,2015,%,6.8,X,
DEU,2016-01-01,2016-12-31,79,'276,Germany,21049,Prevalence of low birthweight (percent),6121,Value,2016,2016,%,6.8,X,
DEU,2017-01-01,2017-12-31,79,'276,Germany,21049,Prevalence of low birthweight (percent),6121,Value,2017,2017,%,6.8,X,
DEU,2018-01-01,2018-12-31,79,'276,Germany,21049,Prevalence of low birthweight (percent),6121,Value,2018,2018,%,6.7,X,
DEU,2019-01-01,2019-12-31,79,'276,Germany,21049,Prevalence of low birthweight (percent),6121,Value,2019,2019,%,6.7,X,
DEU,2020-01-01,2020-12-31,79,'276,Germany,21049,Prevalence of low birthweight (percent),6121,Value,2020,2020,%,6.7,X,
DEU,2000-01-01,2000-12-31,79,'276,Germany,210490,Number of newborns with low birthweight (million),6132,Value,2000,2000,million No,0.1,X,
DEU,2001-01-01,2001-12-31,79,'276,Germany,210490,Number of newborns with low birthweight (million),6132,Value,2001,2001,million No,<0.1,X,
DEU,2002-01-01,2002-12-31,79,'276,Germany,210490,Number of newborns with low birthweight (million),6132,Value,2002,2002,million No,<0.1,X,
DEU,2003-01-01,2003-12-31,79,'276,Germany,210490,Number of newborns with low birthweight (million),6132,Value,2003,2003,million No,<0.1,X,
DEU,2004-01-01,2004-12-31,79,'276,Germany,210490,Number of newborns with low birthweight (million),6132,Value,2004,2004,million No,<0.1,X,
DEU,2005-01-01,2005-12-31,79,'276,Germany,210490,Number of newborns with low birthweight (million),6132,Value,2005,2005,million No,<0.1,X,
DEU,2006-01-01,2006-12-31,79,'276,Germany,210490,Number of newborns with low birthweight (million),6132,Value,2006,2006,million No,<0.1,X,
DEU,2007-01-01,2007-12-31,79,'276,Germany,210490,Number of newborns with low birthweight (million),6132,Value,2007,2007,million No,<0.1,X,
DEU,2008-01-01,2008-12-31,79,'276,Germany,210490,Number of newborns with low birthweight (million),6132,Value,2008,2008,million No,<0.1,X,
DEU,2009-01-01,2009-12-31,79,'276,Germany,210490,Number of newborns with low birthweight (million),6132,Value,2009,2009,million No,<0.1,X,
DEU,2010-01-01,2010-12-31,79,'276,Germany,210490,Number of newborns with low birthweight (million),6132,Value,2010,2010,million No,<0.1,X,
DEU,2011-01-01,2011-12-31,79,'276,Germany,210490,Number of newborns with low birthweight (million),6132,Value,2011,2011,million No,<0.1,X,
DEU,2012-01-01,2012-12-31,79,'276,Germany,210490,Number of newborns with low birthweight (million),6132,Value,2012,2012,million No,<0.1,X,
DEU,2013-01-01,2013-12-31,79,'276,Germany,210490,Number of newborns with low birthweight (million),6132,Value,2013,2013,million No,<0.1,X,
DEU,2014-01-01,2014-12-31,79,'276,Germany,210490,Number of newborns with low birthweight (million),6132,Value,2014,2014,million No,<0.1,X,
DEU,2015-01-01,2015-12-31,79,'276,Germany,210490,Number of newborns with low birthweight (million),6132,Value,2015,2015,million No,0.1,X,
DEU,2016-01-01,2016-12-31,79,'276,Germany,210490,Number of newborns with low birthweight (million),6132,Value,2016,2016,million No,0.1,X,
DEU,2017-01-01,2017-12-31,79,'276,Germany,210490,Number of newborns with low birthweight (million),6132,Value,2017,2017,million No,0.1,X,
DEU,2018-01-01,2018-12-31,79,'276,Germany,210490,Number of newborns with low birthweight (million),6132,Value,2018,2018,million No,0.1,X,
DEU,2019-01-01,2019-12-31,79,'276,Germany,210490,Number of newborns with low birthweight (million),6132,Value,2019,2019,million No,0.1,X,
DEU,2020-01-01,2020-12-31,79,'276,Germany,210490,Number of newborns with low birthweight (million),6132,Value,2020,2020,million No,0.1,X,
DEU,2000-01-01,2000-12-31,79,'276,Germany,21056,Minimum dietary energy requirement  (kcal/cap/day),6128,Value,2000,2000,kcal/cap/d,1949,E,
DEU,2001-01-01,2001-12-31,79,'276,Germany,21056,Minimum dietary energy requirement  (kcal/cap/day),6128,Value,2001,2001,kcal/cap/d,1949,E,
DEU,2002-01-01,2002-12-31,79,'276,Germany,21056,Minimum dietary energy requirement  (kcal/cap/day),6128,Value,2002,2002,kcal/cap/d,1949,E,
DEU,2003-01-01,2003-12-31,79,'276,Germany,21056,Minimum dietary energy requirement  (kcal/cap/day),6128,Value,2003,2003,kcal/cap/d,1950,E,
DEU,2004-01-01,2004-12-31,79,'276,Germany,21056,Minimum dietary energy requirement  (kcal/cap/day),6128,Value,2004,2004,kcal/cap/d,1951,E,
DEU,2005-01-01,2005-12-31,79,'276,Germany,21056,Minimum dietary energy requirement  (kcal/cap/day),6128,Value,2005,2005,kcal/cap/d,1952,E,
DEU,2006-01-01,2006-12-31,79,'276,Germany,21056,Minimum dietary energy requirement  (kcal/cap/day),6128,Value,2006,2006,kcal/cap/d,1954,E,
DEU,2007-01-01,2007-12-31,79,'276,Germany,21056,Minimum dietary energy requirement  (kcal/cap/day),6128,Value,2007,2007,kcal/cap/d,1955,E,
DEU,2008-01-01,2008-12-31,79,'276,Germany,21056,Minimum dietary energy requirement  (kcal/cap/day),6128,Value,2008,2008,kcal/cap/d,1955,E,
DEU,2009-01-01,2009-12-31,79,'276,Germany,21056,Minimum dietary energy requirement  (kcal/cap/day),6128,Value,2009,2009,kcal/cap/d,1956,E,
DEU,2010-01-01,2010-12-31,79,'276,Germany,21056,Minimum dietary energy requirement  (kcal/cap/day),6128,Value,2010,2010,kcal/cap/d,1956,E,
DEU,2011-01-01,2011-12-31,79,'276,Germany,21056,Minimum dietary energy requirement  (kcal/cap/day),6128,Value,2011,2011,kcal/cap/d,1956,E,
DEU,2012-01-01,2012-12-31,79,'276,Germany,21056,Minimum dietary energy requirement  (kcal/cap/day),6128,Value,2012,2012,kcal/cap/d,1956,E,
DEU,2013-01-01,2013-12-31,79,'276,Germany,21056,Minimum dietary energy requirement  (kcal/cap/day),6128,Value,2013,2013,kcal/cap/d,1955,E,
DEU,2014-01-01,2014-12-31,79,'276,Germany,21056,Minimum dietary energy requirement  (kcal/cap/day),6128,Value,2014,2014,kcal/cap/d,1954,E,
DEU,2015-01-01,2015-12-31,79,'276,Germany,21056,Minimum dietary energy requirement  (kcal/cap/day),6128,Value,2015,2015,kcal/cap/d,1953,E,
DEU,2016-01-01,2016-12-31,79,'276,Germany,21056,Minimum dietary energy requirement  (kcal/cap/day),6128,Value,2016,2016,kcal/cap/d,1951,E,
DEU,2017-01-01,2017-12-31,79,'276,Germany,21056,Minimum dietary energy requirement  (kcal/cap/day),6128,Value,2017,2017,kcal/cap/d,1949,E,
DEU,2018-01-01,2018-12-31,79,'276,Germany,21056,Minimum dietary energy requirement  (kcal/cap/day),6128,Value,2018,2018,kcal/cap/d,1946,E,
DEU,2019-01-01,2019-12-31,79,'276,Germany,21056,Minimum dietary energy requirement  (kcal/cap/day),6128,Value,2019,2019,kcal/cap/d,1944,E,
DEU,2020-01-01,2020-12-31,79,'276,Germany,21056,Minimum dietary energy requirement  (kcal/cap/day),6128,Value,2020,2020,kcal/cap/d,1942,E,
DEU,2021-01-01,2021-12-31,79,'276,Germany,21056,Minimum dietary energy requirement  (kcal/cap/day),6128,Value,2021,2021,kcal/cap/d,1940,E,
DEU,2022-01-01,2022-12-31,79,'276,Germany,21056,Minimum dietary energy requirement  (kcal/cap/day),6128,Value,2022,2022,kcal/cap/d,1938,E,
DEU,2000-01-01,2000-12-31,79,'276,Germany,21057,Average dietary energy requirement (kcal/cap/day),6128,Value,2000,2000,kcal/cap/d,2541,E,
DEU,2001-01-01,2001-12-31,79,'276,Germany,21057,Average dietary energy requirement (kcal/cap/day),6128,Value,2001,2001,kcal/cap/d,2541,E,
DEU,2002-01-01,2002-12-31,79,'276,Germany,21057,Average dietary energy requirement (kcal/cap/day),6128,Value,2002,2002,kcal/cap/d,2542,E,
DEU,2003-01-01,2003-12-31,79,'276,Germany,21057,Average dietary energy requirement (kcal/cap/day),6128,Value,2003,2003,kcal/cap/d,2544,E,
DEU,2004-01-01,2004-12-31,79,'276,Germany,21057,Average dietary energy requirement (kcal/cap/day),6128,Value,2004,2004,kcal/cap/d,2545,E,
DEU,2005-01-01,2005-12-31,79,'276,Germany,21057,Average dietary energy requirement (kcal/cap/day),6128,Value,2005,2005,kcal/cap/d,2547,E,
DEU,2006-01-01,2006-12-31,79,'276,Germany,21057,Average dietary energy requirement (kcal/cap/day),6128,Value,2006,2006,kcal/cap/d,2550,E,
DEU,2007-01-01,2007-12-31,79,'276,Germany,21057,Average dietary energy requirement (kcal/cap/day),6128,Value,2007,2007,kcal/cap/d,2552,E,
DEU,2008-01-01,2008-12-31,79,'276,Germany,21057,Average dietary energy requirement (kcal/cap/day),6128,Value,2008,2008,kcal/cap/d,2553,E,
DEU,2009-01-01,2009-12-31,79,'276,Germany,21057,Average dietary energy requirement (kcal/cap/day),6128,Value,2009,2009,kcal/cap/d,2554,E,
DEU,2010-01-01,2010-12-31,79,'276,Germany,21057,Average dietary energy requirement (kcal/cap/day),6128,Value,2010,2010,kcal/cap/d,2554,E,
DEU,2011-01-01,2011-12-31,79,'276,Germany,21057,Average dietary energy requirement (kcal/cap/day),6128,Value,2011,2011,kcal/cap/d,2555,E,
DEU,2012-01-01,2012-12-31,79,'276,Germany,21057,Average dietary energy requirement (kcal/cap/day),6128,Value,2012,2012,kcal/cap/d,2555,E,
DEU,2013-01-01,2013-12-31,79,'276,Germany,21057,Average dietary energy requirement (kcal/cap/day),6128,Value,2013,2013,kcal/cap/d,2554,E,
DEU,2014-01-01,2014-12-31,79,'276,Germany,21057,Average dietary energy requirement (kcal/cap/day),6128,Value,2014,2014,kcal/cap/d,2553,E,
DEU,2015-01-01,2015-12-31,79,'276,Germany,21057,Average dietary energy requirement (kcal/cap/day),6128,Value,2015,2015,kcal/cap/d,2552,E,
DEU,2016-01-01,2016-12-31,79,'276,Germany,21057,Average dietary energy requirement (kcal/cap/day),6128,Value,2016,2016,kcal/cap/d,2549,E,
DEU,2017-01-01,2017-12-31,79,'276,Germany,21057,Average dietary energy requirement (kcal/cap/day),6128,Value,2017,2017,kcal/cap/d,2545,E,
DEU,2018-01-01,2018-12-31,79,'276,Germany,21057,Average dietary energy requirement (kcal/cap/day),6128,Value,2018,2018,kcal/cap/d,2542,E,
DEU,2019-01-01,2019-12-31,79,'276,Germany,21057,Average dietary energy requirement (kcal/cap/day),6128,Value,2019,2019,kcal/cap/d,2539,E,
DEU,2020-01-01,2020-12-31,79,'276,Germany,21057,Average dietary energy requirement (kcal/cap/day),6128,Value,2020,2020,kcal/cap/d,2536,E,
DEU,2021-01-01,2021-12-31,79,'276,Germany,21057,Average dietary energy requirement (kcal/cap/day),6128,Value,2021,2021,kcal/cap/d,2533,E,
DEU,2022-01-01,2022-12-31,79,'276,Germany,21057,Average dietary energy requirement (kcal/cap/day),6128,Value,2022,2022,kcal/cap/d,2530,E,
DEU,2000-01-01,2000-12-31,79,'276,Germany,21058,Coefficient of variation of habitual caloric consumption distribution (real number),6173,Value,2000,2000,No,0.2,E,
DEU,2001-01-01,2001-12-31,79,'276,Germany,21058,Coefficient of variation of habitual caloric consumption distribution (real number),6173,Value,2001,2001,No,0.2,E,
DEU,2002-01-01,2002-12-31,79,'276,Germany,21058,Coefficient of variation of habitual caloric consumption distribution (real number),6173,Value,2002,2002,No,0.2,E,
DEU,2003-01-01,2003-12-31,79,'276,Germany,21058,Coefficient of variation of habitual caloric consumption distribution (real number),6173,Value,2003,2003,No,0.2,E,
DEU,2004-01-01,2004-12-31,79,'276,Germany,21058,Coefficient of variation of habitual caloric consumption distribution (real number),6173,Value,2004,2004,No,0.2,E,
DEU,2005-01-01,2005-12-31,79,'276,Germany,21058,Coefficient of variation of habitual caloric consumption distribution (real number),6173,Value,2005,2005,No,0.2,E,
DEU,2006-01-01,2006-12-31,79,'276,Germany,21058,Coefficient of variation of habitual caloric consumption distribution (real number),6173,Value,2006,2006,No,0.2,E,
DEU,2007-01-01,2007-12-31,79,'276,Germany,21058,Coefficient of variation of habitual caloric consumption distribution (real number),6173,Value,2007,2007,No,0.2,E,
DEU,2008-01-01,2008-12-31,79,'276,Germany,21058,Coefficient of variation of habitual caloric consumption distribution (real number),6173,Value,2008,2008,No,0.2,E,
DEU,2009-01-01,2009-12-31,79,'276,Germany,21058,Coefficient of variation of habitual caloric consumption distribution (real number),6173,Value,2009,2009,No,0.2,E,
DEU,2010-01-01,2010-12-31,79,'276,Germany,21058,Coefficient of variation of habitual caloric consumption distribution (real number),6173,Value,2010,2010,No,0.2,E,
DEU,2011-01-01,2011-12-31,79,'276,Germany,21058,Coefficient of variation of habitual caloric consumption distribution (real number),6173,Value,2011,2011,No,0.2,E,
DEU,2012-01-01,2012-12-31,79,'276,Germany,21058,Coefficient of variation of habitual caloric consumption distribution (real number),6173,Value,2012,2012,No,0.2,E,
DEU,2013-01-01,2013-12-31,79,'276,Germany,21058,Coefficient of variation of habitual caloric consumption distribution (real number),6173,Value,2013,2013,No,0.2,E,
DEU,2014-01-01,2014-12-31,79,'276,Germany,21058,Coefficient of variation of habitual caloric consumption distribution (real number),6173,Value,2014,2014,No,0.2,E,
DEU,2015-01-01,2015-12-31,79,'276,Germany,21058,Coefficient of variation of habitual caloric consumption distribution (real number),6173,Value,2015,2015,No,0.2,E,
DEU,2016-01-01,2016-12-31,79,'276,Germany,21058,Coefficient of variation of habitual caloric consumption distribution (real number),6173,Value,2016,2016,No,0.2,E,
DEU,2017-01-01,2017-12-31,79,'276,Germany,21058,Coefficient of variation of habitual caloric consumption distribution (real number),6173,Value,2017,2017,No,0.2,E,
DEU,2018-01-01,2018-12-31,79,'276,Germany,21058,Coefficient of variation of habitual caloric consumption distribution (real number),6173,Value,2018,2018,No,0.2,E,
DEU,2019-01-01,2019-12-31,79,'276,Germany,21058,Coefficient of variation of habitual caloric consumption distribution (real number),6173,Value,2019,2019,No,0.2,E,
DEU,2020-01-01,2020-12-31,79,'276,Germany,21058,Coefficient of variation of habitual caloric consumption distribution (real number),6173,Value,2020,2020,No,0.2,E,
DEU,2021-01-01,2021-12-31,79,'276,Germany,21058,Coefficient of variation of habitual caloric consumption distribution (real number),6173,Value,2021,2021,No,0.21,E,
DEU,2022-01-01,2022-12-31,79,'276,Germany,21058,Coefficient of variation of habitual caloric consumption distribution (real number),6173,Value,2022,2022,No,0.21,E,
DEU,2000-01-01,2000-12-31,79,'276,Germany,21059,Incidence of caloric losses at retail distribution level (percent),6121,Value,2000,2000,%,1.95,E,
DEU,2001-01-01,2001-12-31,79,'276,Germany,21059,Incidence of caloric losses at retail distribution level (percent),6121,Value,2001,2001,%,1.88,E,
DEU,2002-01-01,2002-12-31,79,'276,Germany,21059,Incidence of caloric losses at retail distribution level (percent),6121,Value,2002,2002,%,1.88,E,
DEU,2003-01-01,2003-12-31,79,'276,Germany,21059,Incidence of caloric losses at retail distribution level (percent),6121,Value,2003,2003,%,1.87,E,
DEU,2004-01-01,2004-12-31,79,'276,Germany,21059,Incidence of caloric losses at retail distribution level (percent),6121,Value,2004,2004,%,1.87,E,
DEU,2005-01-01,2005-12-31,79,'276,Germany,21059,Incidence of caloric losses at retail distribution level (percent),6121,Value,2005,2005,%,1.81,E,
DEU,2006-01-01,2006-12-31,79,'276,Germany,21059,Incidence of caloric losses at retail distribution level (percent),6121,Value,2006,2006,%,1.81,E,
DEU,2007-01-01,2007-12-31,79,'276,Germany,21059,Incidence of caloric losses at retail distribution level (percent),6121,Value,2007,2007,%,1.83,E,
DEU,2008-01-01,2008-12-31,79,'276,Germany,21059,Incidence of caloric losses at retail distribution level (percent),6121,Value,2008,2008,%,1.81,E,
DEU,2009-01-01,2009-12-31,79,'276,Germany,21059,Incidence of caloric losses at retail distribution level (percent),6121,Value,2009,2009,%,1.82,E,
DEU,2010-01-01,2010-12-31,79,'276,Germany,21059,Incidence of caloric losses at retail distribution level (percent),6121,Value,2010,2010,%,1.8,E,
DEU,2011-01-01,2011-12-31,79,'276,Germany,21059,Incidence of caloric losses at retail distribution level (percent),6121,Value,2011,2011,%,1.84,E,
DEU,2012-01-01,2012-12-31,79,'276,Germany,21059,Incidence of caloric losses at retail distribution level (percent),6121,Value,2012,2012,%,1.83,E,
DEU,2013-01-01,2013-12-31,79,'276,Germany,21059,Incidence of caloric losses at retail distribution level (percent),6121,Value,2013,2013,%,1.84,E,
DEU,2014-01-01,2014-12-31,79,'276,Germany,21059,Incidence of caloric losses at retail distribution level (percent),6121,Value,2014,2014,%,1.84,E,
DEU,2015-01-01,2015-12-31,79,'276,Germany,21059,Incidence of caloric losses at retail distribution level (percent),6121,Value,2015,2015,%,1.84,E,
DEU,2016-01-01,2016-12-31,79,'276,Germany,21059,Incidence of caloric losses at retail distribution level (percent),6121,Value,2016,2016,%,1.84,E,
DEU,2017-01-01,2017-12-31,79,'276,Germany,21059,Incidence of caloric losses at retail distribution level (percent),6121,Value,2017,2017,%,1.84,E,
DEU,2018-01-01,2018-12-31,79,'276,Germany,21059,Incidence of caloric losses at retail distribution level (percent),6121,Value,2018,2018,%,1.84,E,
DEU,2019-01-01,2019-12-31,79,'276,Germany,21059,Incidence of caloric losses at retail distribution level (percent),6121,Value,2019,2019,%,1.84,E,
DEU,2020-01-01,2020-12-31,79,'276,Germany,21059,Incidence of caloric losses at retail distribution level (percent),6121,Value,2020,2020,%,1.84,E,
DEU,2021-01-01,2021-12-31,79,'276,Germany,21059,Incidence of caloric losses at retail distribution level (percent),6121,Value,2021,2021,%,1.84,E,
DEU,2022-01-01,2022-12-31,79,'276,Germany,21059,Incidence of caloric losses at retail distribution level (percent),6121,Value,2022,2022,%,1.84,E,
